Measured perimeter (cm),260.97399585873126
Measured area (cm),4055.64
Area error (%),-15.875428571428563
