Measured perimeter (cm),156.32948984517887
Measured area (cm),1640.14
Area error (%),34.39439999999999
