Measured perimeter (cm),140.07133576555705
Measured area (cm),976.02
Area error (%),34.931999999999995
