Measured perimeter (cm),161.71309
Measured area (cm),1685.6005859375
Coverage (%),67.4240234375
Area error (%),-66.4240234375
