Measured perimeter (cm),163.85818
Measured area (cm),1752.53125
Coverage (%),38.94513888888889
Area error (%),-37.94513888888889
