Measured perimeter (cm),112.86591269491382
Measured area (cm),789.1321243523316
Area error (%),-5.21761658031088
