Measured perimeter (cm),199.32542868249428
Measured area (cm),2624.857512953368
Area error (%),-16.66033390903856
