Measured perimeter (cm),189.01578840774175
Measured area (cm),2184.7279792746112
Area error (%),-24.84159881569208
