Measured perimeter (cm),134.05859818589835
Measured area (cm),1111.2953367875648
Area error (%),-27.005181347150263
