Measured perimeter (cm),164.4149032607724
Measured area (cm),1605.9715025906735
Area error (%),-28.477720207253874
