Measured perimeter (cm),108.66238010912527
Measured area (cm),703.98
Area error (%),-12.871572871572878
