Measured perimeter (cm),160.6284304527715
Measured area (cm),1657.64
Area error (%),63.16355555555555
