Measured perimeter (cm),139.65735488312097
Measured area (cm),1177.716233489561
Area error (%),-4.685887421294321
