Measured perimeter (cm),114.1234433620096
Measured area (cm),866.2441414571795
Area error (%),-15.499218860957264
