Measured perimeter (cm),199.55103996695354
Measured area (cm),2445.3131657435024
Area error (%),1.1994680507675826
