Measured perimeter (cm),20.16105194184135
Measured area (cm),25.34086067319983
Area error (%),97.97273114614401
