Measured perimeter (cm),246.32593852000184
Measured area (cm),3658.0421815083087
Area error (%),-4.5154909002373955
