Measured perimeter (cm),259.37247949884545
Measured area (cm),4231.696891191709
Area error (%),-20.90562546262027
