Measured perimeter (cm),107.56524502025835
Measured area (cm),722.8497409326425
Area error (%),-15.897024359891375
