Measured perimeter (cm),136.73762323529067
Measured area (cm),940.4559011504048
Area error (%),-25.394120153387313
