Measured perimeter (cm),129.75609287135094
Measured area (cm),1014.902002556455
Area error (%),42.005599853916856
