Measured perimeter (cm),99.38233
Measured area (cm),515.857421875
Coverage (%),34.39049479166666
Area error (%),-33.39049479166666
