Measured perimeter (cm),139.19539
Measured area (cm),989.51171875
Coverage (%),65.96744791666667
Area error (%),-64.96744791666667
