Measured perimeter (cm),151.9201715203654
Measured area (cm),1320.0255645504901
Area error (%),-5.6020451640392155
