Measured perimeter (cm),186.58357091043106
Measured area (cm),2209.8956114188327
Area error (%),1.782417270274106
