Measured perimeter (cm),88.06197728167263
Measured area (cm),505.99701746910955
Area error (%),-34.932537991762544
