Measured perimeter (cm),176.40621355272262
Measured area (cm),1902.0132083510866
Area error (%),-8.686469048633526
