Measured perimeter (cm),151.48349493308035
Measured area (cm),1211.3549211759694
Area error (%),2.1127336423459098
