Measured perimeter (cm),103.03368946237708
Measured area (cm),644.4929697486153
Area error (%),-3.3338094835041465
