Measured perimeter (cm),228.41861599580017
Measured area (cm),2145.8457605453773
Area error (%),52.31453865454717
