Measured perimeter (cm),202.10021091056467
Measured area (cm),2623.2637409458885
Area error (%),-4.930549637835546
