Measured perimeter (cm),177.80151477320365
Measured area (cm),1668.2040903280786
Area error (%),52.33702599062633
