Measured perimeter (cm),224.04424
Measured area (cm),2095.373291015625
Coverage (%),46.56385091145833
Area error (%),-4556.385091145833
