Measured perimeter (cm),20.52093074130041
Measured area (cm),25.609048723897914
Area error (%),96.58546017014694
