Measured perimeter (cm),120.38115574370379
Measured area (cm),961.3082901554404
Area error (%),-28.17443868739207
