Measured perimeter (cm),150.1659436639002
Measured area (cm),1305.5310880829015
Area error (%),-16.047207829591237
