Measured perimeter (cm),116.21517440419625
Measured area (cm),875.3626943005181
Area error (%),-40.0580310880829
